{"cameraMode":{"drawMode":0,"name":"Shaded","section":"Shading Mode"},"sceneLighting":true,"audioPlay":false,"sceneViewState":{"showFog":true,"showMaterialUpdate":false,"showSkybox":true,"showFlares":true,"showImageEffects":true,"showParticleSystems":true},"in2DMode":false,"pivot":{"x":-7.72566032409668,"y":5.37815523147583,"z":-21.04989242553711},"rotation":{"x":-0.2902321219444275,"y":-0.6283931732177734,"z":0.27297908067703249,"w":-0.668109118938446},"size":38.278812408447269,"orthographic":false}