{"cameraMode":{"drawMode":0,"name":"Shaded","section":"Shading Mode"},"sceneLighting":true,"audioPlay":false,"sceneViewState":{"showFog":true,"showMaterialUpdate":false,"showSkybox":true,"showFlares":true,"showImageEffects":true,"showParticleSystems":true},"in2DMode":false,"pivot":{"x":-3.347884178161621,"y":-0.1943340301513672,"z":-0.15392398834228517},"rotation":{"x":0.1644328236579895,"y":-0.2599819600582123,"z":0.04497935250401497,"w":0.9504463076591492},"size":11.83467960357666,"orthographic":false}