{"cameraMode":{"drawMode":0,"name":"Shaded","section":"Shading Mode"},"sceneLighting":true,"audioPlay":false,"sceneViewState":{"showFog":true,"showMaterialUpdate":false,"showSkybox":true,"showFlares":true,"showImageEffects":true,"showParticleSystems":true},"in2DMode":false,"pivot":{"x":865.966796875,"y":152.37924194335938,"z":727.8411865234375},"rotation":{"x":-0.12437591701745987,"y":0.8570781350135803,"z":-0.2444276064634323,"w":-0.43612268567085268},"size":367.3108215332031,"orthographic":false}