{"cameraMode":{"drawMode":0,"name":"Shaded","section":"Shading Mode"},"sceneLighting":false,"audioPlay":false,"sceneViewState":{"showFog":true,"showMaterialUpdate":false,"showSkybox":true,"showFlares":true,"showImageEffects":true,"showParticleSystems":true},"in2DMode":false,"pivot":{"x":-4.333563804626465,"y":0.0,"z":0.2864818572998047},"rotation":{"x":-0.031135771423578264,"y":0.92961186170578,"z":-0.35822299122810366,"w":-0.08080072700977326},"size":27.881122589111329,"orthographic":false}